{"cameraMode":{"drawMode":0,"name":"Shaded","section":"Shading Mode"},"sceneLighting":true,"audioPlay":false,"sceneViewState":{"m_AlwaysRefresh":false,"showFog":true,"showSkybox":true,"showFlares":true,"showImageEffects":true,"showParticleSystems":true,"showVisualEffectGraphs":true,"m_FxEnabled":true},"in2DMode":false,"pivot":{"x":0.5492621660232544,"y":0.59629225730896,"z":-2.942718029022217},"rotation":{"x":-0.028805233538150789,"y":0.003595752641558647,"z":-0.00010367784125264734,"w":-0.999576985836029},"size":3.370701789855957,"orthographic":false}