{"cameraMode":{"drawMode":0,"name":"Shaded","section":"Shading Mode"},"sceneLighting":true,"audioPlay":false,"sceneViewState":{"m_AlwaysRefresh":false,"showFog":true,"showSkybox":true,"showFlares":true,"showImageEffects":true,"showParticleSystems":true,"showVisualEffectGraphs":true,"m_FxEnabled":true},"in2DMode":false,"pivot":{"x":137.5182647705078,"y":98.47833251953125,"z":-252.37661743164063},"rotation":{"x":0.005690408404916525,"y":0.002412383444607258,"z":0.000013663545360032003,"w":-0.9999788403511047},"size":5.6660261154174809,"orthographic":false}